Target,Model,Residual_Mean,Residual_Std,R²
PTS,random_forest,0.06715248991356552,2.1453413135365307,0.9386162800453394
REB,random_forest,0.058961189978474084,1.812947920939408,0.7146869164643422
AST,gradient_boosting,0.06365103180239275,1.2703739124627396,0.7125715783440002
