Target,Model,Residual_Mean,Residual_Std,R²
PTS,random_forest,0.05012013478095718,2.01448924473897,0.9458954539488089
REB,random_forest,0.05385971969060365,1.7984814535390896,0.719267193842933
AST,gradient_boosting,0.06438588634393254,1.2671089514662837,0.7140266969120967
